exhibit_id,name,author
1,Explicabo Minus,
2,Eius Libero,Malcolm Kemp
3,Quo Voluptatem,Gillian Lewis-Freeman
4,Vitae Ducimus,Leah James
5,Modi Porro,
6,Recusandae Ad,Leslie Rowe
7,Officia Nobis,Kimberley Jones
8,Temporibus Laboriosam,Rebecca Jones
9,Aliquam Libero,Bryan Thompson
10,Repellat Fuga,Kyle Rogers
11,Sit Ab,
12,Velit Repudiandae,Dr Bethany Singh
13,Dolorum Beatae,Dr Mary Vincent
14,Porro Non,
15,Repellendus Nisi,Pamela Barrett
16,Voluptatem Facere,Barbara Hunter
17,Repudiandae Quas,
18,Unde Ducimus,Suzanne Wilson
19,Totam Ex,Louise Hart-Abbott
20,Ducimus Eos,Richard Savage-Quinn
21,Ipsam Autem,Mrs Kate Cox
22,Nesciunt Saepe,Miss Lorraine Brookes
23,Modi Fugiat,Ms Bethany Hardy
24,Earum Tempore,Dr Justin Shaw
25,Dicta Blanditiis,Neil King
26,Omnis Praesentium,Miss Joanna Mann
27,Placeat Repellat,Lee Taylor
28,Aspernatur Deleniti,Mr Justin Jones
29,Sunt Laudantium,Karl Wilson
30,Atque Id,Mr Lee Gough
31,Consectetur Ab,
32,Ipsa Molestias,Derek Wood
33,Atque Sed,Josephine Cooper
34,At Vel,
35,Accusamus Debitis,
36,Soluta Blanditiis,Dr Malcolm Jenkins
37,Sunt Blanditiis,Danny Stephenson-Bibi
38,Consequatur Assumenda,Dr Geraldine Lee
39,Eaque Voluptates,Lewis Evans
40,Dicta Numquam,Mrs Claire Smith
41,Optio Asperiores,Ms Laura Ellis
42,Ut Voluptatem,Miss Clare Fisher
43,Voluptate Neque,Glen Wright
44,Facere Nobis,Lorraine Bennett
45,Omnis Consequatur,June Smith
46,Illum Beatae,Jacob Singh-Gregory
47,Soluta Tempora,
48,Minima Quod,Christine Evans
49,Vitae Ratione,
50,Culpa Asperiores,Dr Iain Vaughan
51,Deleniti Dolor,Miss Ann Lee
52,Rerum Dolorem,Jennifer Adams
53,Accusamus Iste,Leslie Payne
54,Odit Velit,Tracey Brown
55,Aliquam Dolor,
56,Nisi Aliquam,Victor Carr
57,Architecto Perspiciatis,Harriet Patel
58,Cupiditate Fuga,Adrian Connor
59,Aspernatur Ad,Mohammed Holland
60,Distinctio Dolorum,Chelsea Butler-Collins
61,Laborum Cupiditate,Georgia Richards
62,Nesciunt Explicabo,Douglas Smith
63,Modi Odit,Oliver Howe
64,Laborum Dolore,Ellie Hill-Davis
65,Mollitia Assumenda,Rachael White
66,Eos Voluptatem,Dr Gerard James
67,Quas Laborum,Christopher Carter
68,Quibusdam Beatae,Stewart Hall
69,Quos Accusamus,Cheryl Lee
70,Ex Quae,Dr Frederick Coles
71,Necessitatibus Rem,
72,Aut Tenetur,Ms Tracey Harris
73,Id Reprehenderit,
74,Ratione Illum,Francis Davis
75,Excepturi Facere,Robin Marshall
76,Ipsam Magnam,Jacqueline Kerr
77,Consectetur Debitis,Terence Andrews
78,Est Nobis,Francesca Connor
79,Fuga Officia,Anna Lambert
80,Esse Asperiores,Ricky Jones
81,Numquam Modi,Chelsea Brown-Phillips
82,Pariatur Doloremque,Dr Donald Moore
83,Laudantium Error,Miss Kirsty Jenkins
84,Sapiente Similique,Lucy Parker-Parsons
85,Sint Expedita,Lisa Thomas
86,Ratione Eaque,Paul Lambert
87,Consequuntur Dicta,Jill Brown
88,Quo Provident,Francesca Fox-Smith
89,Quas Possimus,Mrs Lesley Middleton
90,Magni Quaerat,Bruce Naylor
91,Consequuntur Necessitatibus,Mr Phillip Jackson
92,Totam Officiis,Mrs Megan Blake
93,Nam Incidunt,Geoffrey Morgan
94,Fugit Distinctio,Harriet Connolly
95,Molestias Officia,Leah Young
96,Praesentium Ipsam,Mr Colin Hartley
97,Dolores Repellat,Lydia Burgess
98,Labore Saepe,Stewart Ryan
99,Amet Facere,Dr Jonathan Marshall
100,Vel Amet,Abdul Henry
101,Ipsa Et,Eric Cook
102,Quidem Minus,Francis Davies
103,Dolor Quas,Marie Turner-Dennis
104,Sapiente Illum,Diane Hayes
105,Nesciunt Tenetur,Gary Williams
106,Dignissimos Reiciendis,Grace Thomas
107,Quasi Qui,Benjamin Barnes-Sims
108,Sint Soluta,
109,Maiores Fugiat,
110,Autem Odio,
111,Dolores Temporibus,Mr Marc Smith
112,Atque Nostrum,Emily Bailey
113,Ab Voluptatem,Liam Carr
114,Inventore Unde,Stanley Burgess
115,Est Sed,Gary Brown
116,Excepturi Aspernatur,Mr Joshua Wilson
117,Natus Rerum,Garry Hardy
118,Expedita Molestiae,Vanessa Baldwin
119,Sit Debitis,Dr Mark Mistry
120,Itaque Quia,Samantha Ford
121,Delectus Quidem,Lynne Gardner
122,Voluptatem Recusandae,Terence Carter
123,Iusto At,Paula Price
124,Eaque Voluptate,Mr Joshua Fleming
125,Qui Iusto,Leanne Turnbull
126,Eligendi Facilis,Clare Palmer
127,Error Minima,
128,Sint Qui,Damian Bradshaw
129,Architecto Nam,Paula Howe
130,Rem Unde,Grace Ford
131,Corrupti Eius,Dr Connor Lawrence
132,Impedit Occaecati,
133,Eveniet Dignissimos,Douglas Davies-Price
134,Aspernatur Doloremque,Miss Chloe Fox
135,Corporis Natus,Miss Charlotte Andrews
136,Eos Sequi,Beth Wilkins-Kelly
137,Optio Quis,Donald Harvey-Richards
138,Veniam Corrupti,Molly Brown-Frost
139,Enim Cum,Reece Jones
140,Veniam Id,Dr Mohammad Hilton
141,Omnis Aliquam,Ms Deborah Taylor
142,Natus Numquam,Jacob O'Sullivan-Cross
143,Excepturi Unde,Gerard Johnston-Davies
144,Sequi Quaerat,Karl Lewis-Woods
145,Quas Quo,Eric Carter
146,Perferendis Amet,Reece Smith
147,Sit Similique,Mark Thomas
148,Consectetur Minus,Miss Kayleigh Jackson
149,Voluptatem Numquam,Justin Mason
150,Ipsum Quibusdam,
151,Iure Doloribus,Dennis Douglas-Parry
152,Nesciunt Nam,Deborah Davis
153,Magnam Minima,Dr Karen Blackburn
154,Culpa Placeat,Reece Doyle-Carr
155,Doloremque Tempore,Colin Thompson
156,Corrupti Quae,Darren Green
157,Repudiandae Totam,Joanne Smith
158,Assumenda Voluptate,Dr Nicole White
159,Expedita Ea,Dr Conor Goddard
160,Minima Quae,Mr Gary Wilson
161,Quod Repudiandae,Edward Cooper
162,Distinctio Ut,Marc Adams
163,Nemo Quisquam,Jake Wood
164,Incidunt Ipsa,Marc Potter
165,Placeat Consectetur,Melanie Dean
166,Ipsa Culpa,Ms Caroline Lawrence
167,Deleniti Doloribus,Georgina Kelly
168,Ab Veniam,William Skinner-Wright
169,Similique Reiciendis,Barbara Stephens-Palmer
170,Distinctio Excepturi,Dr Kirsty Jones
171,Vitae Debitis,Stephanie Hughes
172,Excepturi Eius,Mr Josh Thompson
173,Occaecati Accusamus,Dominic Ahmed-Powell
174,Mollitia Repudiandae,Michael Matthews
175,Placeat Autem,Mrs Jodie Hill
176,Deserunt Dolorum,Joyce King
177,Corporis Ad,Roger Evans-Atkinson
178,Cumque Placeat,Suzanne Bibi-Marshall
179,Exercitationem Optio,Ms Denise Thomas
180,Suscipit Quo,Martin Bryan-Smith
181,Nesciunt Soluta,
182,Nesciunt Fuga,Dr Garry Lloyd
183,Neque Aliquam,Adrian Hughes
184,Adipisci Incidunt,
185,Incidunt Sunt,Paul Rhodes
186,Eius Molestiae,Dean Harper
187,Deleniti Illum,Dr David Barnett
188,Rerum Aut,Valerie Ali
189,Illo Voluptatem,Dr Bryan Black
190,Ipsum Praesentium,Miss Dorothy Harding
191,Reiciendis Debitis,Michael Watts
192,Tempore Molestias,Douglas Harrison
193,Quia Vel,Dr Luke Jackson
194,Facere Quibusdam,Dr Karl Martin
195,Tenetur Delectus,Mr Allan Hope
196,Ipsa Sequi,Miss Katie Barlow
197,Iure Non,Norman Peacock
198,Magnam Quaerat,Dr Naomi Moran
199,Eaque Corrupti,Callum Moran
200,Iusto Tempore,Ms Jemma Perry
201,Perspiciatis Doloribus,Dennis Marsh
202,Cupiditate Autem,Ms Joan Hughes
203,Cum Labore,Darren Clements-Farrell
204,Temporibus Veritatis,Gareth Smith
205,Esse Quisquam,Tina Mason-Bennett
206,Ducimus Corrupti,Lauren Green
207,Vero Dolorem,Carolyn Ross
208,Culpa Facere,Dr Gerald Holmes
209,Nobis Occaecati,Dr Danny Edwards
210,Fugiat Dolorem,Ronald Gould-Ryan
211,Ad Libero,Mr Malcolm Chapman
212,Odio Minima,Mrs Sian Bailey
213,Explicabo Totam,Dr Callum Kaur
214,Placeat Ratione,Maurice Dyer
215,Magnam Perferendis,June Shaw-Mitchell
216,Aspernatur Debitis,Clifford Davies-Fowler
217,Commodi Occaecati,Jayne Webster
218,Id Suscipit,Anna Jones-Williams
219,Aliquid Soluta,Frances Davies
220,Doloremque Cupiditate,
221,Debitis Nisi,Jade Evans-Myers
222,Inventore Libero,Dr Carolyn Johnson
223,Harum Soluta,Gavin Bird
224,Magni Tempore,Dominic Brown
225,Quasi Quibusdam,Tracey Walker
